imdb_id,release_date,roi,vote_average,genres,title
tt6791350,2023,2.381721208,8,"Science Fiction, Adventure, Action",Guardians of the Galaxy Vol. 3
tt10366206,2023,3.744206277777778,8,"Action, Thriller, Crime",John Wick: Chapter 4
tt9362722,2023,5.83241751,8,"Animation, Action, Adventure",Spider-Man: Across the Spider-Verse
tt10954600,2023,1.3803559,6,"Action, Adventure, Science Fiction",Ant-Man and the Wasp: Quantumania
tt5433140,2023,1.0726754705882353,7,"Action, Crime, Thriller",Fast X
tt5090568,2023,1.204102564102564,7,"Action, Adventure, Science Fiction",Transformers: Rise of the Beasts
tt0439572,2023,-0.10541461333333334,7,"Action, Adventure, Science Fiction",The Flash
tt15789038,2023,1.43398994,8,"Animation, Comedy, Family, Fantasy, Romance",Elemental
tt10151854,2023,0.06749684,7,"Comedy, Action, Fantasy",Shazam! Fury of the Gods
tt2906216,2023,0.3786558013245033,7,"Adventure, Fantasy, Comedy",Dungeons & Dragons: Honor Among Thieves
tt5971474,2023,1.276978228,7,"Adventure, Family, Fantasy, Romance",The Little Mermaid
tt9224104,2023,1.977182031007752,7,"Action, Science Fiction, Horror",Meg 2: The Trench
tt11145118,2023,2.6699815333333334,7,"Drama, Action",Creed III
tt17663992,2023,3.8274682571428573,7,"Horror, Crime, Thriller",Scream VI
tt15679400,2023,1.73543295,6,"Thriller, Mystery, Horror",Knock at the Cabin
tt5884796,2023,1.04,7,"Action, Adventure, Thriller",Plane
tt1462764,2023,0.29925722429589413,7,"Adventure, Action",Indiana Jones and the Dial of Destiny
tt12261776,2023,0.2222222222222222,6,"Science Fiction, Action, Adventure",65
tt4873118,2023,-0.6363636363636364,8,"War, Action, Thriller",Guy Ritchie's The Covenant
tt14209916,2023,1.696908676923077,6,"Thriller, Comedy, Crime",Cocaine Bear
tt15671028,2023,0.8443450222222222,7,"Comedy, Romance",No Hard Feelings
tt16419074,2023,-0.03245694444444444,7,"Drama, History",Air
tt14846026,2023,1.0982724193548388,8,"Action, War",Sisu
tt9603212,2023,0.9352197766323024,8,"Action, Thriller",Mission: Impossible - Dead Reckoning Part One
tt7985704,2023,-0.24306574,7,"Action, Thriller, Comedy",Operation Fortune: Ruse de Guerre
tt9362930,2023,0.040151958333333335,7,"Action, Science Fiction, Adventure",Blue Beetle
tt11358390,2023,-0.5946437538461539,7,"Comedy, Horror, Fantasy",Renfield
tt6528290,2023,-0.8867580166666666,7,"Fantasy, Action, Adventure",Knights of the Zodiac
tt14230388,2023,0.8912668,7,"Comedy, Drama",Asteroid City
tt10855768,2023,5.442965142857143,8,"Thriller, Mystery",Missing
tt4495098,2023,0.9133333333333333,8,"Action, Drama, Adventure",Gran Turismo
tt27155038,2023,-0.37547835714285716,7,"Animation, Family, Fantasy, Comedy","Ruby Gillman, Teenage Kraken"
tt12672536,2023,0.1332894181818182,7,"Action, Adventure, History, Drama",The Three Musketeers: D'Artagnan
tt8589698,2023,1.457142857142857,7,"Animation, Comedy, Action",Teenage Mutant Ninja Turtles: Mutant Mayhem
tt8080204,2023,-0.8647956,6,"Mystery, Thriller, Science Fiction",Hypnotic
tt10364034,2023,-0.5812694302325582,8,"Animation, Music, Family, Action, Romance, Fantasy, Comedy","Miraculous: Ladybug & Cat Noir, The Movie"
tt13521006,2023,-0.7142857142857143,7,"Comedy, Adventure, Fantasy",Beau Is Afraid
tt22687790,2023,0.49666666666666665,7,"Mystery, Thriller, Crime",A Haunting in Venice
tt10365998,2023,0.12853333333333333,6,"Horror, Science Fiction, Thriller",Infinity Pool
tt3427252,2023,0.5985257517899761,7,"Horror, Thriller, Mystery",The Boogeyman
tt6685538,2023,2.3717114,7,"Animation, Adventure, Family, Fantasy",Mavka: The Forest Song
tt15153532,2023,-0.30434782608695654,8,"Comedy, Adventure",Strays
tt23177868,2023,1.7804878048780488,7,"Animation, Comedy, Family, Adventure, Fantasy",Mummies
tt10160976,2023,5.005194805194805,7,"Horror, Mystery, Thriller",The Nun II
tt13539646,2023,7.189240653893298,7,"Science Fiction, Action, Drama",The Wandering Earth II
tt16280138,2023,0.15555555555555556,7,"Comedy, Drama, Romance",Magic Mike's Last Dance
tt6906292,2023,-0.3547268,7,"Action, Mystery, Thriller, Crime",Retribution
tt17024450,2023,1.2614285714285713,7,"Action, Thriller, Crime",The Equalizer 3
tt6722802,2023,-0.68686685,6,"Mystery, Thriller, Crime",Marlowe
tt20330434,2023,-0.2924479562043796,7,"Comedy, Mystery",The Crime Is Mine
tt1695843,2023,-0.4233206590621039,7,"Fantasy, Comedy",Haunted Mansion
tt10276482,2023,0.1111111111111111,7,"Romance, Drama, Comedy",Love Again
tt21867434,2023,-0.48,7,"Comedy, Drama, History",BlackBerry
tt9185206,2023,-0.27243866666666666,7,"Comedy, Drama","Are You There God? It's Me, Margaret."
tt12226632,2023,-0.88125,8,"Drama, History",Big George Foreman
tt20879602,2023,-0.4141994666666667,6,"Drama, Romance, Comedy",Maybe I Do
tt13923456,2023,-0.9048107073170731,6,"Comedy, Action, Crime",Mafia Mamma
tt12844910,2023,0.7777777777777778,7,"Action, Adventure, Thriller",Pathaan
tt20768712,2023,0.39245685,7,"Comedy, Romance",Book Club: The Next Chapter
tt3291150,2023,-0.85,7,"Action, Adventure, Thriller",Expend4bles
tt10098448,2023,2.486666666666667,7,"Drama, History",Jesus Revolution
tt15334488,2023,-0.7657034285714286,7,"Romance, Drama",After Everything
tt15354916,2023,2.559896652835408,7,"Action, Adventure, Thriller",Jawan
tt21807222,2023,1.2538461538461538,7,"Crime, Horror, Thriller",Saw X
tt12915716,2023,-0.31746031746031744,5,"Action, Adventure, Drama, Fantasy",Adipurush
tt25434854,2023,3.7418118466898953,7,"Animation, Adventure, Fantasy, Science Fiction",Deep Sea
tt17507018,2023,-0.2,6,"Mystery, Crime, Drama, Thriller",Lost in the Stars
tt25377462,2023,2.5714285714285716,7,Drama,A Guilty Conscience
tt9006564,2023,7.0,8,"Thriller, Action, Adventure",2018
tt15837338,2023,0.58,8,"Animation, Family, Comedy, Action, Science Fiction",PAW Patrol: The Mighty Movie
tt21934046,2023,0.16425807103164952,8,"Family, Fantasy",Me contro Te: Il film - Missione giungla
tt26693652,2023,0.5669601600036782,7,"Comedy, Drama",Invalid
tt15380630,2023,0.015873015873015872,6,"Romance, Comedy, Drama",Kushi
tt15464390,2023,6.546137390502536,10,"Action, Drama, History",Mastaney
